n,	e
0,	-1.000000
1,	0.000000
2,	1.000000
3,	1.666667
4,	2.333333
5,	2.800000
6,	3.266667
7,	3.669841
8,	4.017460
9,	4.340388
10,	4.641093
11,	4.916614
12,	5.170053
13,	5.406534
14,	5.629374
15,	5.839988
16,	6.039095
17,	6.227526
18,	6.406361
19,	6.576710
20,	6.739523
21,	6.895530
22,	7.045281
23,	7.189217
24,	7.327726
25,	7.461173
26,	7.589914
27,	7.714283
28,	7.834591
29,	7.951118
30,	8.064110
31,	8.173784
32,	8.280330
33,	8.383920
34,	8.484710
35,	8.582844
36,	8.678458
37,	8.771676
38,	8.862619
39,	8.951398
40,	9.038118
41,	9.122874
42,	9.205758
43,	9.286853
44,	9.366237
45,	9.443981
46,	9.520153
47,	9.594815
48,	9.668026
49,	9.739842
50,	9.810314
51,	9.879493
52,	9.947426
53,	10.014156
54,	10.079727
55,	10.144179
56,	10.207550
57,	10.269876
58,	10.331193
59,	10.391533
60,	10.450928
61,	10.509406
62,	10.566998
63,	10.623729
64,	10.679624
65,	10.734710
66,	10.789009
67,	10.842543
68,	10.895334
69,	10.947402
70,	10.998767
71,	11.049448
72,	11.099464
73,	11.148831
74,	11.197566
75,	11.245686
76,	11.293206
77,	11.340141
78,	11.386505
79,	11.432314
80,	11.477579
81,	11.522313
82,	11.566530
83,	11.610242
84,	11.653459
85,	11.696194
86,	11.738456
87,	11.780257
88,	11.821606
89,	11.862514
90,	11.902990
91,	11.943042
92,	11.982680
93,	12.021912
94,	12.060747
95,	12.099193
96,	12.137257
97,	12.174947
98,	12.212271
99,	12.249235
100,	12.285846
101,	12.322112
102,	12.358039
103,	12.393632
104,	12.428899
105,	12.463846
106,	12.498477
107,	12.532799
108,	12.566818
109,	12.600538
110,	12.633966
111,	12.667106
112,	12.699963
113,	12.732541
114,	12.764847
115,	12.796884
116,	12.828656
117,	12.860169
118,	12.891426
119,	12.922432
120,	12.953191
121,	12.983706
122,	13.013982
123,	13.044022
124,	13.073830
125,	13.103409
126,	13.132763
127,	13.161896
128,	13.190811
129,	13.219511
130,	13.248000
131,	13.276279
132,	13.304353
133,	13.332225
134,	13.359897
135,	13.387373
136,	13.414654
137,	13.441745
138,	13.468647
139,	13.495363
140,	13.521896
141,	13.548248
142,	13.574422
143,	13.600420
144,	13.626245
145,	13.651899
146,	13.677383
147,	13.702701
148,	13.727855
149,	13.752846
150,	13.777677
151,	13.802350
152,	13.826867
153,	13.851230
154,	13.875441
155,	13.899501
156,	13.923413
157,	13.947179
158,	13.970800
159,	13.994277
160,	14.017614
161,	14.040811
162,	14.063870
163,	14.086793
164,	14.109582
165,	14.132237
166,	14.154761
167,	14.177155
168,	14.199421
169,	14.221560
170,	14.243573
171,	14.265462
172,	14.287229
173,	14.308875
174,	14.330400
175,	14.351807
176,	14.373097
177,	14.394270
178,	14.415330
179,	14.436275
180,	14.457109
181,	14.477831
182,	14.498444
183,	14.518947
184,	14.539344
185,	14.559634
186,	14.579819
187,	14.599899
188,	14.619877
189,	14.639752
190,	14.659527
191,	14.679202
192,	14.698777
193,	14.718255
194,	14.737636
195,	14.756921
196,	14.776111
197,	14.795207
198,	14.814209
199,	14.833120
200,	14.851939
201,	14.870667
202,	14.889306
203,	14.907857
204,	14.926319
205,	14.944695
206,	14.962984
207,	14.981188
208,	14.999307
209,	15.017343
210,	15.035295
211,	15.053166
212,	15.070954
213,	15.088662
214,	15.106290
215,	15.123839
216,	15.141309
217,	15.158702
218,	15.176017
219,	15.193255
220,	15.210418
221,	15.227506
222,	15.244519
223,	15.261459
224,	15.278325
225,	15.295119
226,	15.311841
227,	15.328491
228,	15.345071
229,	15.361581
230,	15.378022
231,	15.394393
232,	15.410696
233,	15.426932
234,	15.443100
235,	15.459202
236,	15.475238
237,	15.491208
238,	15.507113
239,	15.522954
240,	15.538730
241,	15.554444
242,	15.570094
243,	15.585682
244,	15.601209
245,	15.616674
246,	15.632078
247,	15.647421
248,	15.662705
249,	15.677929
250,	15.693094
251,	15.708200
252,	15.723249
253,	15.738240
254,	15.753173
255,	15.768050
256,	15.782871
257,	15.797635
258,	15.812345
259,	15.826999
260,	15.841598
261,	15.856143
262,	15.870635
263,	15.885073
264,	15.899458
265,	15.913790
266,	15.928070
267,	15.942298
268,	15.956475
269,	15.970601
270,	15.984676
271,	15.998700
272,	16.012674
273,	16.026599
274,	16.040475
275,	16.054301
276,	16.068079
277,	16.081809
278,	16.095491
279,	16.109125
280,	16.122712
281,	16.136252
282,	16.149745
283,	16.163192
284,	16.176594
285,	16.189949
286,	16.203259
287,	16.216525
288,	16.229745
289,	16.242921
290,	16.256053
291,	16.269141
292,	16.282186
293,	16.295187
294,	16.308146
295,	16.321062
296,	16.333935
297,	16.346767
298,	16.359556
299,	16.372304
300,	16.385011
301,	16.397677
302,	16.410302
303,	16.422886
304,	16.435431
305,	16.447935
306,	16.460400
307,	16.472825
308,	16.485211
309,	16.497558
310,	16.509867
311,	16.522137
312,	16.534369
313,	16.546562
314,	16.558718
315,	16.570837
316,	16.582918
317,	16.594963
318,	16.606970
319,	16.618941
320,	16.630875
321,	16.642774
322,	16.654636
323,	16.666463
324,	16.678254
325,	16.690010
326,	16.701731
327,	16.713417
328,	16.725069
329,	16.736686
330,	16.748269
331,	16.759818
332,	16.771333
333,	16.782814
334,	16.794262
335,	16.805677
336,	16.817058
337,	16.828407
338,	16.839723
339,	16.851007
340,	16.862258
341,	16.873478
342,	16.884665
343,	16.895821
344,	16.906945
345,	16.918038
346,	16.929099
347,	16.940130
348,	16.951130
349,	16.962099
350,	16.973037
351,	16.983946
352,	16.994824
353,	17.005672
354,	17.016490
355,	17.027279
356,	17.038038
357,	17.048768
358,	17.059469
359,	17.070140
360,	17.080783
361,	17.091397
362,	17.101983
363,	17.112540
364,	17.123069
365,	17.133570
366,	17.144043
367,	17.154488
368,	17.164906
369,	17.175296
370,	17.185659
371,	17.195994
372,	17.206303
373,	17.216584
374,	17.226839
375,	17.237067
376,	17.247269
377,	17.257444
378,	17.267594
379,	17.277717
380,	17.287814
381,	17.297885
382,	17.307931
383,	17.317951
384,	17.327946
385,	17.337915
386,	17.347860
387,	17.357779
388,	17.367673
389,	17.377543
390,	17.387388
391,	17.397208
392,	17.407004
393,	17.416776
394,	17.426524
395,	17.436247
396,	17.445947
397,	17.455623
398,	17.465275
399,	17.474903
400,	17.484508
401,	17.494090
402,	17.503649
403,	17.513184
404,	17.522697
405,	17.532186
406,	17.541653
407,	17.551097
408,	17.560519
409,	17.569918
410,	17.579294
411,	17.588649
412,	17.597981
413,	17.607292
414,	17.616580
415,	17.625847
416,	17.635092
417,	17.644315
418,	17.653517
419,	17.662698
420,	17.671857
421,	17.680995
422,	17.690111
423,	17.699207
424,	17.708282
425,	17.717336
426,	17.726370
427,	17.735382
428,	17.744374
429,	17.753346
430,	17.762298
431,	17.771229
432,	17.780140
433,	17.789031
434,	17.797902
435,	17.806753
436,	17.815584
437,	17.824396
438,	17.833188
439,	17.841960
440,	17.850713
441,	17.859447
442,	17.868161
443,	17.876856
444,	17.885532
445,	17.894189
446,	17.902828
447,	17.911447
448,	17.920047
449,	17.928629
450,	17.937192
451,	17.945737
452,	17.954263
453,	17.962771
454,	17.971261
455,	17.979732
456,	17.988186
457,	17.996621
458,	18.005038
459,	18.013438
460,	18.021819
461,	18.030183
462,	18.038529
463,	18.046858
464,	18.055169
465,	18.063463
466,	18.071739
467,	18.079998
468,	18.088240
469,	18.096464
470,	18.104672
471,	18.112863
472,	18.121036
473,	18.129193
474,	18.137333
475,	18.145456
476,	18.153563
477,	18.161653
478,	18.169726
479,	18.177783
480,	18.185824
481,	18.193848
482,	18.201856
483,	18.209848
484,	18.217824
485,	18.225784
486,	18.233727
487,	18.241655
488,	18.249567
489,	18.257463
490,	18.265344
491,	18.273209
492,	18.281058
493,	18.288891
494,	18.296709
495,	18.304512
496,	18.312300
497,	18.320072
498,	18.327828
499,	18.335570
500,	18.343297
501,	18.351008
502,	18.358705
503,	18.366386
504,	18.374053
505,	18.381705
506,	18.389342
507,	18.396964
508,	18.404572
509,	18.412165
510,	18.419743
511,	18.427307
512,	18.434857
513,	18.442392
514,	18.449913
515,	18.457420
516,	18.464913
517,	18.472391
518,	18.479855
519,	18.487305
520,	18.494741
521,	18.502164
522,	18.509572
523,	18.516967
524,	18.524347
525,	18.531714
526,	18.539068
527,	18.546407
528,	18.553734
529,	18.561046
530,	18.568345
531,	18.575631
532,	18.582903
533,	18.590162
534,	18.597408
535,	18.604641
536,	18.611860
537,	18.619066
538,	18.626259
539,	18.633439
540,	18.640606
541,	18.647760
542,	18.654901
543,	18.662030
544,	18.669145
545,	18.676248
546,	18.683338
547,	18.690416
548,	18.697480
549,	18.704533
550,	18.711572
551,	18.718600
552,	18.725614
553,	18.732617
554,	18.739607
555,	18.746584
556,	18.753550
557,	18.760503
558,	18.767444
559,	18.774373
560,	18.781290
561,	18.788195
562,	18.795087
563,	18.801968
564,	18.808837
565,	18.815694
566,	18.822539
567,	18.829373
568,	18.836194
569,	18.843004
570,	18.849802
571,	18.856589
572,	18.863364
573,	18.870127
574,	18.876879
575,	18.883619
576,	18.890348
577,	18.897066
578,	18.903772
579,	18.910467
580,	18.917151
581,	18.923823
582,	18.930484
583,	18.937134
584,	18.943773
585,	18.950401
586,	18.957017
587,	18.963623
588,	18.970218
589,	18.976801
590,	18.983374
591,	18.989936
592,	18.996487
593,	19.003027
594,	19.009557
595,	19.016076
596,	19.022584
597,	19.029081
598,	19.035568
599,	19.042044
600,	19.048510
601,	19.054965
602,	19.061410
603,	19.067844
604,	19.074268
605,	19.080681
606,	19.087084
607,	19.093477
608,	19.099860
609,	19.106232
610,	19.112594
611,	19.118946
612,	19.125287
613,	19.131619
614,	19.137940
615,	19.144252
616,	19.150553
617,	19.156845
618,	19.163126
619,	19.169397
620,	19.175659
621,	19.181911
622,	19.188153
623,	19.194385
624,	19.200607
625,	19.206820
626,	19.213023
627,	19.219216
628,	19.225400
629,	19.231574
630,	19.237738
631,	19.243893
632,	19.250038
633,	19.256174
634,	19.262300
635,	19.268417
636,	19.274524
637,	19.280623
638,	19.286711
639,	19.292791
640,	19.298861
641,	19.304922
642,	19.310973
643,	19.317016
644,	19.323049
645,	19.329073
646,	19.335088
647,	19.341094
648,	19.347091
649,	19.353078
650,	19.359057
651,	19.365027
652,	19.370988
653,	19.376939
654,	19.382882
655,	19.388817
656,	19.394742
657,	19.400658
658,	19.406566
659,	19.412465
660,	19.418355
661,	19.424236
662,	19.430109
663,	19.435973
664,	19.441828
665,	19.447675
666,	19.453513
667,	19.459342
668,	19.465163
669,	19.470976
670,	19.476780
671,	19.482575
672,	19.488363
673,	19.494141
674,	19.499912
675,	19.505673
676,	19.511427
677,	19.517172
678,	19.522909
679,	19.528638
680,	19.534358
681,	19.540071
682,	19.545775
683,	19.551471
684,	19.557158
685,	19.562838
686,	19.568509
687,	19.574173
688,	19.579828
689,	19.585475
690,	19.591115
691,	19.596746
692,	19.602369
693,	19.607985
694,	19.613592
695,	19.619192
696,	19.624783
697,	19.630367
698,	19.635943
699,	19.641511
700,	19.647072
701,	19.652624
702,	19.658169
703,	19.663707
704,	19.669236
705,	19.674758
706,	19.680272
707,	19.685778
708,	19.691277
709,	19.696769
710,	19.702252
711,	19.707728
712,	19.713197
713,	19.718658
714,	19.724112
715,	19.729558
716,	19.734997
717,	19.740428
718,	19.745852
719,	19.751268
720,	19.756677
721,	19.762079
722,	19.767474
723,	19.772861
724,	19.778241
725,	19.783613
726,	19.788979
727,	19.794337
728,	19.799688
729,	19.805031
730,	19.810368
731,	19.815697
732,	19.821019
733,	19.826335
734,	19.831643
735,	19.836944
736,	19.842237
737,	19.847524
738,	19.852804
739,	19.858077
740,	19.863343
741,	19.868602
742,	19.873854
743,	19.879099
744,	19.884337
745,	19.889568
746,	19.894793
747,	19.900010
748,	19.905221
749,	19.910425
750,	19.915622
751,	19.920812
752,	19.925996
753,	19.931173
754,	19.936343
755,	19.941506
756,	19.946663
757,	19.951813
758,	19.956956
759,	19.962093
760,	19.967223
761,	19.972347
762,	19.977464
763,	19.982574
764,	19.987678
765,	19.992775
766,	19.997866
767,	20.002950
768,	20.008028
769,	20.013099
770,	20.018164
771,	20.023222
772,	20.028274
773,	20.033320
774,	20.038359
775,	20.043392
776,	20.048418
777,	20.053438
778,	20.058452
779,	20.063460
780,	20.068461
781,	20.073456
782,	20.078444
783,	20.083427
784,	20.088403
785,	20.093373
786,	20.098337
787,	20.103294
788,	20.108246
789,	20.113191
790,	20.118130
791,	20.123063
792,	20.127990
793,	20.132911
794,	20.137826
795,	20.142734
796,	20.147637
797,	20.152534
798,	20.157424
799,	20.162309
800,	20.167188
801,	20.172060
802,	20.176927
803,	20.181788
804,	20.186642
805,	20.191491
806,	20.196334
807,	20.201172
808,	20.206003
809,	20.210828
810,	20.215648
811,	20.220462
812,	20.225270
813,	20.230072
814,	20.234868
815,	20.239659
816,	20.244444
817,	20.249223
818,	20.253996
819,	20.258764
820,	20.263526
821,	20.268282
822,	20.273033
823,	20.277778
824,	20.282517
825,	20.287251
826,	20.291979
827,	20.296701
828,	20.301418
829,	20.306129
830,	20.310835
831,	20.315535
832,	20.320230
833,	20.324919
834,	20.329603
835,	20.334281
836,	20.338953
837,	20.343620
838,	20.348282
839,	20.352938
840,	20.357589
841,	20.362234
842,	20.366874
843,	20.371509
844,	20.376138
845,	20.380762
846,	20.385380
847,	20.389994
848,	20.394601
849,	20.399204
850,	20.403801
851,	20.408393
852,	20.412979
853,	20.417561
854,	20.422137
855,	20.426707
856,	20.431273
857,	20.435833
858,	20.440388
859,	20.444938
860,	20.449483
861,	20.454023
862,	20.458557
863,	20.463086
864,	20.467610
865,	20.472129
866,	20.476643
867,	20.481152
868,	20.485656
869,	20.490154
870,	20.494648
871,	20.499136
872,	20.503619
873,	20.508098
874,	20.512571
875,	20.517039
876,	20.521503
877,	20.525961
878,	20.530414
879,	20.534863
880,	20.539306
881,	20.543745
882,	20.548178
883,	20.552607
884,	20.557030
885,	20.561449
886,	20.565863
887,	20.570272
888,	20.574676
889,	20.579076
890,	20.583470
891,	20.587860
892,	20.592244
893,	20.596624
894,	20.601000
895,	20.605370
896,	20.609735
897,	20.614096
898,	20.618452
899,	20.622804
900,	20.627150
901,	20.631492
902,	20.635829
903,	20.640161
904,	20.644489
905,	20.648812
906,	20.653130
907,	20.657444
908,	20.661753
909,	20.666057
910,	20.670357
911,	20.674652
912,	20.678943
913,	20.683228
914,	20.687510
915,	20.691786
916,	20.696058
917,	20.700326
918,	20.704589
919,	20.708847
920,	20.713101
921,	20.717350
922,	20.721595
923,	20.725835
924,	20.730071
925,	20.734302
926,	20.738529
927,	20.742751
928,	20.746969
929,	20.751183
930,	20.755392
931,	20.759596
932,	20.763796
933,	20.767992
934,	20.772183
935,	20.776370
936,	20.780553
937,	20.784731
938,	20.788904
939,	20.793074
940,	20.797239
941,	20.801399
942,	20.805556
943,	20.809708
944,	20.813856
945,	20.817999
946,	20.822138
947,	20.826273
948,	20.830403
949,	20.834530
950,	20.838652
951,	20.842769
952,	20.846883
953,	20.850992
954,	20.855097
955,	20.859198
956,	20.863295
957,	20.867387
958,	20.871475
959,	20.875559
960,	20.879639
961,	20.883715
962,	20.887786
963,	20.891854
964,	20.895917
965,	20.899976
966,	20.904031
967,	20.908082
968,	20.912129
969,	20.916171
970,	20.920210
971,	20.924245
972,	20.928275
973,	20.932301
974,	20.936324
975,	20.940342
976,	20.944356
977,	20.948366
978,	20.952372
979,	20.956375
980,	20.960373
981,	20.964367
982,	20.968357
983,	20.972343
984,	20.976325
985,	20.980304
986,	20.984278
987,	20.988248
988,	20.992214
989,	20.996177
990,	21.000135
991,	21.004090
992,	21.008041
993,	21.011987
994,	21.015930
995,	21.019869
996,	21.023804
997,	21.027736
998,	21.031663
999,	21.035586
1000,	21.039506
1001,	21.043422
1002,	21.047334
1003,	21.051242
1004,	21.055146
1005,	21.059047
1006,	21.062943
1007,	21.066836
1008,	21.070725
1009,	21.074611
1010,	21.078492
1011,	21.082370
1012,	21.086244
1013,	21.090114
1014,	21.093981
1015,	21.097844
1016,	21.101703
1017,	21.105558
1018,	21.109410
1019,	21.113257
1020,	21.117102
1021,	21.120942
1022,	21.124779
1023,	21.128612
1024,	21.132441
1025,	21.136267
1026,	21.140089
1027,	21.143908
1028,	21.147723
1029,	21.151534
1030,	21.155341
1031,	21.159145
1032,	21.162945
1033,	21.166742
1034,	21.170535
1035,	21.174325
1036,	21.178111
1037,	21.181893
1038,	21.185672
1039,	21.189447
1040,	21.193218
1041,	21.196986
1042,	21.200751
1043,	21.204512
1044,	21.208269
1045,	21.212023
1046,	21.215773
1047,	21.219520
1048,	21.223264
1049,	21.227003
1050,	21.230740
1051,	21.234473
1052,	21.238202
1053,	21.241928
1054,	21.245650
1055,	21.249369
1056,	21.253085
1057,	21.256797
1058,	21.260505
1059,	21.264210
1060,	21.267912
1061,	21.271610
1062,	21.275305
1063,	21.278997
1064,	21.282685
1065,	21.286369
1066,	21.290051
1067,	21.293728
1068,	21.297403
1069,	21.301074
1070,	21.304742
1071,	21.308406
1072,	21.312067
1073,	21.315725
1074,	21.319379
1075,	21.323030
1076,	21.326678
1077,	21.330322
1078,	21.333963
1079,	21.337601
1080,	21.341235
1081,	21.344866
1082,	21.348494
1083,	21.352119
1084,	21.355740
1085,	21.359358
1086,	21.362972
1087,	21.366584
1088,	21.370192
1089,	21.373797
1090,	21.377398
1091,	21.380997
1092,	21.384592
1093,	21.388184
1094,	21.391773
1095,	21.395358
1096,	21.398940
1097,	21.402519
1098,	21.406095
1099,	21.409668
1100,	21.413237
1101,	21.416804
1102,	21.420367
1103,	21.423927
1104,	21.427483
1105,	21.431037
1106,	21.434588
1107,	21.438135
1108,	21.441679
1109,	21.445220
1110,	21.448758
1111,	21.452293
1112,	21.455824
1113,	21.459353
1114,	21.462878
1115,	21.466401
1116,	21.469920
1117,	21.473436
1118,	21.476949
1119,	21.480459
1120,	21.483966
1121,	21.487469
1122,	21.490970
1123,	21.494468
1124,	21.497962
1125,	21.501454
1126,	21.504942
1127,	21.508428
1128,	21.511910
1129,	21.515390
1130,	21.518866
1131,	21.522340
1132,	21.525810
1133,	21.529277
1134,	21.532741
1135,	21.536203
1136,	21.539661
1137,	21.543117
1138,	21.546569
1139,	21.550018
1140,	21.553465
1141,	21.556908
1142,	21.560349
1143,	21.563786
1144,	21.567221
1145,	21.570652
1146,	21.574081
1147,	21.577507
1148,	21.580930
1149,	21.584349
1150,	21.587766
1151,	21.591180
1152,	21.594592
1153,	21.598000
1154,	21.601405
1155,	21.604808
1156,	21.608207
1157,	21.611604
1158,	21.614998
1159,	21.618389
1160,	21.621777
1161,	21.625162
1162,	21.628544
1163,	21.631923
1164,	21.635300
1165,	21.638674
1166,	21.642045
1167,	21.645413
1168,	21.648778
1169,	21.652140
1170,	21.655500
1171,	21.658857
1172,	21.662211
1173,	21.665562
1174,	21.668910
1175,	21.672256
1176,	21.675598
1177,	21.678938
1178,	21.682275
1179,	21.685610
1180,	21.688941
1181,	21.692270
1182,	21.695596
1183,	21.698920
1184,	21.702240
1185,	21.705558
1186,	21.708873
1187,	21.712185
1188,	21.715495
1189,	21.718802
1190,	21.722106
1191,	21.725407
1192,	21.728706
1193,	21.732002
1194,	21.735295
1195,	21.738585
1196,	21.741873
1197,	21.745158
1198,	21.748441
1199,	21.751720
1200,	21.754997
1201,	21.758272
1202,	21.761543
1203,	21.764812
1204,	21.768079
1205,	21.771342
1206,	21.774603
1207,	21.777862
1208,	21.781118
1209,	21.784371
1210,	21.787621
1211,	21.790869
1212,	21.794114
1213,	21.797356
1214,	21.800596
1215,	21.803834
1216,	21.807068
1217,	21.810300
1218,	21.813530
1219,	21.816757
1220,	21.819981
1221,	21.823202
1222,	21.826421
1223,	21.829638
1224,	21.832852
1225,	21.836063
1226,	21.839272
1227,	21.842478
1228,	21.845682
1229,	21.848883
1230,	21.852081
1231,	21.855277
1232,	21.858470
1233,	21.861661
1234,	21.864849
1235,	21.868035
1236,	21.871218
1237,	21.874399
1238,	21.877577
1239,	21.880753
1240,	21.883926
1241,	21.887097
1242,	21.890265
1243,	21.893430
1244,	21.896593
1245,	21.899754
1246,	21.902912
1247,	21.906068
1248,	21.909221
1249,	21.912371
1250,	21.915520
1251,	21.918665
1252,	21.921808
1253,	21.924949
1254,	21.928087
1255,	21.931223
1256,	21.934357
1257,	21.937488
1258,	21.940616
1259,	21.943742
1260,	21.946866
1261,	21.949987
1262,	21.953106
1263,	21.956222
1264,	21.959336
1265,	21.962447
1266,	21.965556
1267,	21.968663
1268,	21.971767
1269,	21.974869
1270,	21.977968
1271,	21.981065
1272,	21.984160
1273,	21.987252
1274,	21.990342
1275,	21.993430
1276,	21.996515
1277,	21.999597
1278,	22.002678
1279,	22.005756
1280,	22.008831
1281,	22.011905
1282,	22.014976
1283,	22.018044
1284,	22.021110
1285,	22.024174
1286,	22.027236
1287,	22.030295
1288,	22.033352
1289,	22.036406
1290,	22.039458
1291,	22.042508
1292,	22.045556
1293,	22.048601
1294,	22.051644
1295,	22.054685
1296,	22.057723
1297,	22.060759
1298,	22.063792
1299,	22.066824
1300,	22.069853
1301,	22.072880
1302,	22.075904
1303,	22.078927
1304,	22.081946
1305,	22.084964
1306,	22.087980
1307,	22.090993
1308,	22.094004
1309,	22.097012
1310,	22.100019
1311,	22.103023
1312,	22.106025
1313,	22.109024
1314,	22.112022
1315,	22.115017
1316,	22.118010
1317,	22.121000
1318,	22.123989
1319,	22.126975
1320,	22.129959
1321,	22.132940
1322,	22.135920
1323,	22.138897
1324,	22.141872
1325,	22.144845
1326,	22.147816
1327,	22.150785
1328,	22.153751
1329,	22.156715
1330,	22.159677
1331,	22.162637
1332,	22.165594
1333,	22.168549
1334,	22.171503
1335,	22.174454
1336,	22.177402
1337,	22.180349
1338,	22.183294
1339,	22.186236
1340,	22.189176
1341,	22.192114
1342,	22.195050
1343,	22.197984
1344,	22.200915
1345,	22.203845
1346,	22.206772
1347,	22.209697
1348,	22.212620
1349,	22.215541
1350,	22.218460
1351,	22.221376
1352,	22.224291
1353,	22.227203
1354,	22.230114
1355,	22.233022
1356,	22.235928
1357,	22.238832
1358,	22.241734
1359,	22.244633
1360,	22.247531
1361,	22.250426
1362,	22.253320
1363,	22.256211
1364,	22.259101
1365,	22.261988
1366,	22.264873
1367,	22.267756
1368,	22.270637
1369,	22.273516
1370,	22.276393
1371,	22.279268
1372,	22.282140
1373,	22.285011
1374,	22.287880
1375,	22.290746
1376,	22.293611
1377,	22.296473
1378,	22.299334
1379,	22.302192
1380,	22.305048
1381,	22.307903
1382,	22.310755
1383,	22.313605
1384,	22.316453
1385,	22.319300
1386,	22.322144
1387,	22.324986
1388,	22.327826
1389,	22.330664
1390,	22.333500
1391,	22.336334
1392,	22.339167
1393,	22.341997
1394,	22.344825
1395,	22.347651
1396,	22.350475
1397,	22.353297
1398,	22.356117
1399,	22.358936
1400,	22.361752
1401,	22.364566
1402,	22.367378
1403,	22.370189
1404,	22.372997
1405,	22.375803
1406,	22.378608
1407,	22.381410
1408,	22.384211
1409,	22.387009
1410,	22.389806
1411,	22.392600
1412,	22.395393
1413,	22.398184
1414,	22.400972
1415,	22.403759
1416,	22.406544
1417,	22.409327
1418,	22.412108
1419,	22.414887
1420,	22.417664
1421,	22.420440
1422,	22.423213
1423,	22.425985
1424,	22.428754
1425,	22.431522
1426,	22.434287
1427,	22.437051
1428,	22.439813
1429,	22.442573
1430,	22.445331
1431,	22.448087
1432,	22.450842
1433,	22.453594
1434,	22.456345
1435,	22.459093
1436,	22.461840
1437,	22.464585
1438,	22.467328
1439,	22.470069
1440,	22.472808
1441,	22.475546
1442,	22.478281
1443,	22.481015
1444,	22.483746
1445,	22.486476
1446,	22.489204
1447,	22.491931
1448,	22.494655
1449,	22.497378
1450,	22.500098
1451,	22.502817
1452,	22.505534
1453,	22.508249
1454,	22.510962
1455,	22.513674
1456,	22.516384
1457,	22.519091
1458,	22.521797
1459,	22.524501
1460,	22.527204
1461,	22.529904
1462,	22.532603
1463,	22.535300
1464,	22.537995
1465,	22.540688
1466,	22.543380
1467,	22.546069
1468,	22.548757
1469,	22.551443
1470,	22.554127
1471,	22.556810
1472,	22.559490
1473,	22.562169
1474,	22.564846
1475,	22.567522
1476,	22.570195
1477,	22.572867
1478,	22.575537
1479,	22.578205
1480,	22.580871
1481,	22.583536
1482,	22.586199
1483,	22.588860
1484,	22.591519
1485,	22.594177
1486,	22.596833
1487,	22.599487
1488,	22.602139
1489,	22.604790
1490,	22.607438
1491,	22.610085
1492,	22.612731
1493,	22.615374
1494,	22.618016
1495,	22.620656
1496,	22.623295
1497,	22.625931
1498,	22.628566
1499,	22.631199
1500,	22.633831
1501,	22.636460
1502,	22.639088
1503,	22.641715
1504,	22.644339
1505,	22.646962
1506,	22.649583
1507,	22.652202
1508,	22.654820
1509,	22.657436
1510,	22.660050
1511,	22.662663
1512,	22.665274
1513,	22.667883
1514,	22.670490
1515,	22.673096
1516,	22.675700
1517,	22.678303
1518,	22.680903
1519,	22.683502
1520,	22.686100
1521,	22.688695
1522,	22.691289
1523,	22.693882
1524,	22.696472
1525,	22.699061
1526,	22.701649
1527,	22.704234
1528,	22.706818
1529,	22.709400
1530,	22.711981
1531,	22.714560
1532,	22.717137
1533,	22.719713
1534,	22.722287
1535,	22.724859
1536,	22.727430
1537,	22.729999
1538,	22.732567
1539,	22.735132
1540,	22.737697
1541,	22.740259
1542,	22.742820
1543,	22.745379
1544,	22.747937
1545,	22.750493
1546,	22.753047
1547,	22.755600
1548,	22.758151
1549,	22.760701
1550,	22.763248
1551,	22.765795
1552,	22.768339
1553,	22.770882
1554,	22.773424
1555,	22.775964
1556,	22.778502
1557,	22.781038
1558,	22.783573
1559,	22.786107
1560,	22.788639
1561,	22.791169
1562,	22.793697
1563,	22.796224
1564,	22.798750
1565,	22.801274
1566,	22.803796
1567,	22.806317
1568,	22.808836
1569,	22.811353
1570,	22.813869
1571,	22.816383
1572,	22.818896
1573,	22.821407
1574,	22.823917
1575,	22.826425
1576,	22.828932
1577,	22.831437
1578,	22.833940
1579,	22.836442
1580,	22.838942
1581,	22.841441
1582,	22.843938
1583,	22.846433
1584,	22.848927
1585,	22.851420
1586,	22.853911
1587,	22.856400
1588,	22.858888
1589,	22.861374
1590,	22.863859
1591,	22.866342
1592,	22.868824
1593,	22.871304
1594,	22.873783
1595,	22.876260
1596,	22.878736
1597,	22.881210
1598,	22.883682
1599,	22.886153
1600,	22.888623
1601,	22.891091
1602,	22.893557
1603,	22.896022
1604,	22.898486
1605,	22.900947
1606,	22.903408
1607,	22.905867
1608,	22.908324
1609,	22.910780
1610,	22.913234
1611,	22.915687
1612,	22.918139
1613,	22.920589
1614,	22.923037
1615,	22.925484
1616,	22.927929
1617,	22.930373
1618,	22.932816
1619,	22.935257
1620,	22.937696
1621,	22.940134
1622,	22.942571
1623,	22.945006
1624,	22.947439
1625,	22.949871
1626,	22.952302
1627,	22.954731
1628,	22.957159
1629,	22.959585
1630,	22.962010
1631,	22.964433
1632,	22.966855
1633,	22.969275
1634,	22.971694
1635,	22.974112
1636,	22.976528
1637,	22.978942
1638,	22.981355
1639,	22.983767
1640,	22.986177
1641,	22.988586
1642,	22.990993
1643,	22.993399
1644,	22.995803
1645,	22.998206
1646,	23.000608
1647,	23.003008
1648,	23.005407
1649,	23.007804
1650,	23.010200
1651,	23.012594
1652,	23.014987
1653,	23.017379
1654,	23.019769
1655,	23.022158
1656,	23.024545
1657,	23.026931
1658,	23.029315
1659,	23.031698
1660,	23.034080
1661,	23.036460
1662,	23.038839
1663,	23.041216
1664,	23.043592
1665,	23.045967
1666,	23.048340
1667,	23.050712
1668,	23.053082
1669,	23.055451
1670,	23.057818
1671,	23.060185
1672,	23.062549
1673,	23.064913
1674,	23.067275
1675,	23.069635
1676,	23.071995
1677,	23.074352
1678,	23.076709
1679,	23.079064
1680,	23.081418
1681,	23.083770
1682,	23.086121
1683,	23.088470
1684,	23.090819
1685,	23.093165
1686,	23.095511
1687,	23.097855
1688,	23.100198
1689,	23.102539
1690,	23.104879
1691,	23.107218
1692,	23.109555
1693,	23.111891
1694,	23.114225
1695,	23.116559
1696,	23.118890
1697,	23.121221
1698,	23.123550
1699,	23.125878
1700,	23.128204
1701,	23.130529
1702,	23.132853
1703,	23.135175
1704,	23.137496
1705,	23.139816
1706,	23.142135
1707,	23.144452
1708,	23.146767
1709,	23.149082
1710,	23.151395
1711,	23.153706
1712,	23.156017
1713,	23.158326
1714,	23.160634
1715,	23.162940
1716,	23.165245
1717,	23.167549
1718,	23.169851
1719,	23.172152
1720,	23.174452
1721,	23.176751
1722,	23.179048
1723,	23.181344
1724,	23.183638
1725,	23.185931
1726,	23.188223
1727,	23.190514
1728,	23.192803
1729,	23.195091
1730,	23.197378
1731,	23.199663
1732,	23.201947
1733,	23.204230
1734,	23.206512
1735,	23.208792
1736,	23.211071
1737,	23.213348
1738,	23.215625
1739,	23.217900
1740,	23.220174
1741,	23.222446
1742,	23.224717
1743,	23.226987
1744,	23.229256
1745,	23.231523
1746,	23.233789
1747,	23.236054
1748,	23.238318
1749,	23.240580
1750,	23.242841
1751,	23.245100
1752,	23.247359
1753,	23.249616
1754,	23.251872
1755,	23.254127
1756,	23.256380
1757,	23.258632
1758,	23.260883
1759,	23.263132
1760,	23.265381
1761,	23.267628
1762,	23.269874
1763,	23.272118
1764,	23.274361
1765,	23.276603
1766,	23.278844
1767,	23.281084
1768,	23.283322
1769,	23.285559
1770,	23.287795
1771,	23.290030
1772,	23.292263
1773,	23.294495
1774,	23.296726
1775,	23.298955
1776,	23.301184
1777,	23.303411
1778,	23.305637
1779,	23.307861
1780,	23.310085
1781,	23.312307
1782,	23.314528
1783,	23.316748
1784,	23.318966
1785,	23.321184
1786,	23.323400
1787,	23.325615
1788,	23.327828
1789,	23.330041
1790,	23.332252
1791,	23.334462
1792,	23.336671
1793,	23.338878
1794,	23.341085
1795,	23.343290
1796,	23.345494
1797,	23.347696
1798,	23.349898
1799,	23.352098
1800,	23.354297
1801,	23.356495
1802,	23.358692
1803,	23.360887
1804,	23.363082
1805,	23.365275
1806,	23.367467
1807,	23.369657
1808,	23.371847
1809,	23.374035
1810,	23.376222
1811,	23.378408
1812,	23.380593
1813,	23.382777
1814,	23.384959
1815,	23.387140
1816,	23.389320
1817,	23.391499
1818,	23.393677
1819,	23.395853
1820,	23.398029
1821,	23.400203
1822,	23.402376
1823,	23.404548
1824,	23.406718
1825,	23.408888
1826,	23.411056
1827,	23.413223
1828,	23.415389
1829,	23.417554
1830,	23.419717
1831,	23.421880
1832,	23.424041
1833,	23.426201
1834,	23.428360
1835,	23.430518
1836,	23.432674
1837,	23.434830
1838,	23.436984
1839,	23.439137
1840,	23.441289
1841,	23.443440
1842,	23.445590
1843,	23.447739
1844,	23.449886
1845,	23.452032
1846,	23.454177
1847,	23.456321
1848,	23.458464
1849,	23.460606
1850,	23.462746
1851,	23.464886
1852,	23.467024
1853,	23.469161
1854,	23.471297
1855,	23.473432
1856,	23.475566
1857,	23.477699
1858,	23.479830
1859,	23.481960
1860,	23.484090
1861,	23.486218
1862,	23.488345
1863,	23.490470
1864,	23.492595
1865,	23.494719
1866,	23.496841
1867,	23.498963
1868,	23.501083
1869,	23.503202
1870,	23.505320
1871,	23.507437
1872,	23.509553
1873,	23.511667
1874,	23.513781
1875,	23.515893
1876,	23.518005
1877,	23.520115
1878,	23.522224
1879,	23.524332
1880,	23.526439
1881,	23.528545
1882,	23.530649
1883,	23.532753
1884,	23.534856
1885,	23.536957
1886,	23.539057
1887,	23.541156
1888,	23.543255
1889,	23.545352
1890,	23.547448
1891,	23.549542
1892,	23.551636
1893,	23.553729
1894,	23.555820
1895,	23.557911
1896,	23.560000
1897,	23.562089
1898,	23.564176
1899,	23.566262
1900,	23.568347
1901,	23.570431
1902,	23.572514
1903,	23.574596
1904,	23.576676
1905,	23.578756
1906,	23.580835
1907,	23.582912
1908,	23.584989
1909,	23.587064
1910,	23.589138
1911,	23.591212
1912,	23.593284
1913,	23.595355
1914,	23.597425
1915,	23.599494
1916,	23.601562
1917,	23.603629
1918,	23.605694
1919,	23.607759
1920,	23.609823
1921,	23.611885
1922,	23.613947
1923,	23.616007
1924,	23.618067
1925,	23.620125
1926,	23.622183
1927,	23.624239
1928,	23.626294
1929,	23.628348
1930,	23.630401
1931,	23.632453
1932,	23.634505
1933,	23.636555
1934,	23.638603
1935,	23.640651
1936,	23.642698
1937,	23.644744
1938,	23.646789
1939,	23.648833
1940,	23.650875
1941,	23.652917
1942,	23.654958
1943,	23.656997
1944,	23.659036
1945,	23.661073
1946,	23.663110
1947,	23.665145
1948,	23.667180
1949,	23.669213
1950,	23.671245
1951,	23.673277
1952,	23.675307
1953,	23.677336
1954,	23.679365
1955,	23.681392
1956,	23.683418
1957,	23.685443
1958,	23.687468
1959,	23.689491
1960,	23.691513
1961,	23.693534
1962,	23.695554
1963,	23.697573
1964,	23.699592
1965,	23.701609
1966,	23.703625
1967,	23.705640
1968,	23.707654
1969,	23.709667
1970,	23.711679
1971,	23.713690
1972,	23.715700
1973,	23.717709
1974,	23.719717
1975,	23.721724
1976,	23.723730
1977,	23.725735
1978,	23.727739
1979,	23.729742
1980,	23.731744
1981,	23.733745
1982,	23.735745
1983,	23.737744
1984,	23.739743
1985,	23.741740
1986,	23.743736
1987,	23.745731
1988,	23.747725
1989,	23.749718
1990,	23.751710
1991,	23.753701
1992,	23.755691
1993,	23.757681
1994,	23.759669
1995,	23.761656
1996,	23.763642
1997,	23.765627
1998,	23.767612
1999,	23.769595
2000,	23.771577
2001,	23.773559
2002,	23.775539
2003,	23.777518
2004,	23.779497
2005,	23.781474
2006,	23.783451
2007,	23.785426
2008,	23.787401
2009,	23.789374
2010,	23.791347
2011,	23.793319
2012,	23.795289
2013,	23.797259
2014,	23.799228
2015,	23.801195
2016,	23.803162
2017,	23.805128
2018,	23.807093
2019,	23.809057
2020,	23.811020
2021,	23.812982
2022,	23.814943
2023,	23.816903
2024,	23.818862
2025,	23.820820
2026,	23.822778
2027,	23.824734
2028,	23.826689
2029,	23.828644
2030,	23.830597
2031,	23.832550
2032,	23.834501
2033,	23.836452
2034,	23.838401
2035,	23.840350
2036,	23.842298
2037,	23.844245
2038,	23.846191
2039,	23.848136
2040,	23.850080
2041,	23.852023
2042,	23.853965
2043,	23.855906
2044,	23.857846
2045,	23.859786
2046,	23.861724
2047,	23.863661
2048,	23.865598
2049,	23.867534
2050,	23.869468
2051,	23.871402
2052,	23.873335
2053,	23.875267
2054,	23.877198
2055,	23.879128
2056,	23.881057
2057,	23.882985
2058,	23.884912
2059,	23.886838
2060,	23.888764
2061,	23.890688
2062,	23.892612
2063,	23.894535
2064,	23.896456
2065,	23.898377
2066,	23.900297
2067,	23.902216
2068,	23.904134
2069,	23.906051
2070,	23.907967
2071,	23.909883
2072,	23.911797
2073,	23.913711
2074,	23.915623
2075,	23.917535
2076,	23.919446
2077,	23.921356
2078,	23.923265
2079,	23.925173
2080,	23.927080
2081,	23.928986
2082,	23.930891
2083,	23.932796
2084,	23.934699
2085,	23.936602
2086,	23.938504
2087,	23.940405
2088,	23.942305
2089,	23.944204
2090,	23.946102
2091,	23.947999
2092,	23.949896
2093,	23.951791
2094,	23.953686
2095,	23.955579
2096,	23.957472
2097,	23.959364
2098,	23.961255
2099,	23.963145
2100,	23.965034
2101,	23.966923
2102,	23.968810
2103,	23.970697
2104,	23.972583
2105,	23.974468
2106,	23.976351
2107,	23.978235
2108,	23.980117
2109,	23.981998
2110,	23.983878
2111,	23.985758
2112,	23.987637
2113,	23.989515
2114,	23.991391
2115,	23.993267
2116,	23.995143
2117,	23.997017
2118,	23.998890
2119,	24.000763
2120,	24.002635
2121,	24.004505
2122,	24.006375
2123,	24.008245
2124,	24.010113
2125,	24.011980
2126,	24.013847
2127,	24.015712
2128,	24.017577
2129,	24.019441
2130,	24.021304
2131,	24.023166
2132,	24.025027
2133,	24.026888
2134,	24.028747
2135,	24.030606
2136,	24.032464
2137,	24.034321
2138,	24.036177
2139,	24.038032
2140,	24.039887
2141,	24.041741
2142,	24.043593
2143,	24.045445
2144,	24.047296
2145,	24.049146
2146,	24.050996
2147,	24.052844
2148,	24.054692
2149,	24.056539
2150,	24.058385
2151,	24.060230
2152,	24.062074
2153,	24.063917
2154,	24.065760
2155,	24.067602
2156,	24.069443
2157,	24.071283
2158,	24.073122
2159,	24.074960
2160,	24.076798
2161,	24.078634
2162,	24.080470
2163,	24.082305
2164,	24.084139
2165,	24.085973
2166,	24.087805
2167,	24.089637
2168,	24.091468
2169,	24.093298
2170,	24.095127
2171,	24.096955
2172,	24.098783
2173,	24.100610
2174,	24.102435
2175,	24.104260
2176,	24.106085
2177,	24.107908
2178,	24.109731
2179,	24.111552
2180,	24.113373
2181,	24.115193
2182,	24.117013
2183,	24.118831
2184,	24.120649
2185,	24.122465
2186,	24.124281
2187,	24.126097
2188,	24.127911
2189,	24.129724
2190,	24.131537
2191,	24.133349
2192,	24.135160
2193,	24.136970
2194,	24.138780
2195,	24.140589
2196,	24.142396
2197,	24.144203
2198,	24.146010
2199,	24.147815
2200,	24.149620
2201,	24.151423
2202,	24.153226
2203,	24.155028
2204,	24.156830
2205,	24.158630
2206,	24.160430
2207,	24.162229
2208,	24.164027
2209,	24.165825
2210,	24.167621
2211,	24.169417
2212,	24.171212
2213,	24.173006
2214,	24.174799
2215,	24.176592
2216,	24.178384
2217,	24.180174
2218,	24.181965
2219,	24.183754
2220,	24.185543
2221,	24.187330
2222,	24.189117
2223,	24.190903
2224,	24.192689
2225,	24.194473
2226,	24.196257
2227,	24.198040
2228,	24.199823
2229,	24.201604
2230,	24.203385
2231,	24.205165
2232,	24.206944
2233,	24.208722
2234,	24.210499
2235,	24.212276
2236,	24.214052
2237,	24.215827
2238,	24.217602
2239,	24.219375
2240,	24.221148
2241,	24.222920
2242,	24.224691
2243,	24.226462
2244,	24.228232
2245,	24.230000
2246,	24.231769
2247,	24.233536
2248,	24.235303
2249,	24.237068
2250,	24.238833
2251,	24.240598
2252,	24.242361
2253,	24.244124
2254,	24.245886
2255,	24.247647
2256,	24.249408
2257,	24.251167
2258,	24.252926
2259,	24.254684
2260,	24.256442
2261,	24.258198
2262,	24.259954
2263,	24.261709
2264,	24.263463
2265,	24.265217
2266,	24.266970
2267,	24.268722
2268,	24.270473
2269,	24.272223
2270,	24.273973
2271,	24.275722
2272,	24.277470
2273,	24.279218
2274,	24.280964
2275,	24.282710
2276,	24.284455
2277,	24.286200
2278,	24.287943
2279,	24.289686
2280,	24.291429
2281,	24.293170
2282,	24.294911
2283,	24.296650
2284,	24.298390
2285,	24.300128
2286,	24.301866
2287,	24.303603
2288,	24.305339
2289,	24.307074
2290,	24.308809
2291,	24.310543
2292,	24.312276
2293,	24.314008
2294,	24.315740
2295,	24.317471
2296,	24.319201
2297,	24.320930
2298,	24.322659
2299,	24.324387
2300,	24.326114
2301,	24.327841
2302,	24.329566
2303,	24.331291
2304,	24.333016
2305,	24.334739
2306,	24.336462
2307,	24.338184
2308,	24.339905
2309,	24.341626
2310,	24.343346
2311,	24.345065
2312,	24.346783
2313,	24.348501
2314,	24.350218
2315,	24.351934
2316,	24.353649
2317,	24.355364
2318,	24.357078
2319,	24.358791
2320,	24.360504
2321,	24.362216
2322,	24.363927
2323,	24.365637
2324,	24.367347
2325,	24.369056
2326,	24.370764
2327,	24.372471
2328,	24.374178
2329,	24.375884
2330,	24.377589
2331,	24.379294
2332,	24.380998
2333,	24.382701
2334,	24.384403
2335,	24.386105
2336,	24.387806
2337,	24.389506
2338,	24.391206
2339,	24.392905
2340,	24.394603
2341,	24.396300
2342,	24.397997
2343,	24.399693
2344,	24.401388
2345,	24.403082
2346,	24.404776
2347,	24.406469
2348,	24.408162
2349,	24.409854
2350,	24.411544
2351,	24.413235
2352,	24.414924
2353,	24.416613
2354,	24.418301
2355,	24.419989
2356,	24.421675
2357,	24.423361
2358,	24.425047
2359,	24.426731
2360,	24.428415
2361,	24.430099
2362,	24.431781
2363,	24.433463
2364,	24.435144
2365,	24.436824
2366,	24.438504
2367,	24.440183
2368,	24.441861
2369,	24.443539
2370,	24.445216
2371,	24.446892
2372,	24.448568
2373,	24.450242
2374,	24.451916
2375,	24.453590
2376,	24.455263
2377,	24.456935
2378,	24.458606
2379,	24.460277
2380,	24.461947
2381,	24.463616
2382,	24.465284
2383,	24.466952
2384,	24.468620
2385,	24.470286
2386,	24.471952
2387,	24.473617
2388,	24.475281
2389,	24.476945
2390,	24.478608
2391,	24.480271
2392,	24.481932
2393,	24.483593
2394,	24.485254
2395,	24.486913
2396,	24.488572
2397,	24.490230
2398,	24.491888
2399,	24.493545
2400,	24.495201
2401,	24.496857
2402,	24.498512
2403,	24.500166
2404,	24.501819
2405,	24.503472
2406,	24.505124
2407,	24.506776
2408,	24.508427
2409,	24.510077
2410,	24.511726
2411,	24.513375
2412,	24.515023
2413,	24.516671
2414,	24.518317
2415,	24.519963
2416,	24.521609
2417,	24.523254
2418,	24.524898
2419,	24.526541
2420,	24.528184
2421,	24.529826
2422,	24.531467
2423,	24.533108
2424,	24.534748
2425,	24.536387
2426,	24.538026
2427,	24.539664
2428,	24.541302
2429,	24.542938
2430,	24.544574
2431,	24.546210
2432,	24.547845
2433,	24.549479
2434,	24.551112
2435,	24.552745
2436,	24.554377
2437,	24.556008
2438,	24.557639
2439,	24.559269
2440,	24.560899
2441,	24.562527
2442,	24.564156
2443,	24.565783
2444,	24.567410
2445,	24.569036
2446,	24.570662
2447,	24.572286
2448,	24.573911
2449,	24.575534
2450,	24.577157
2451,	24.578779
2452,	24.580401
2453,	24.582022
2454,	24.583642
2455,	24.585262
2456,	24.586881
2457,	24.588499
2458,	24.590117
2459,	24.591734
2460,	24.593350
2461,	24.594966
2462,	24.596581
2463,	24.598195
2464,	24.599809
2465,	24.601422
2466,	24.603035
2467,	24.604647
2468,	24.606258
2469,	24.607869
2470,	24.609478
2471,	24.611088
2472,	24.612696
2473,	24.614304
2474,	24.615912
2475,	24.617519
2476,	24.619125
2477,	24.620730
2478,	24.622335
2479,	24.623939
2480,	24.625543
2481,	24.627145
2482,	24.628748
2483,	24.630349
2484,	24.631950
2485,	24.633551
2486,	24.635150
2487,	24.636749
2488,	24.638348
2489,	24.639946
2490,	24.641543
2491,	24.643139
2492,	24.644735
2493,	24.646331
2494,	24.647925
2495,	24.649519
2496,	24.651113
2497,	24.652705
2498,	24.654298
2499,	24.655889
2500,	24.657480
2501,	24.659070
2502,	24.660660
2503,	24.662249
2504,	24.663837
2505,	24.665425
2506,	24.667012
2507,	24.668599
2508,	24.670184
2509,	24.671770
2510,	24.673354
2511,	24.674938
2512,	24.676522
2513,	24.678104
2514,	24.679687
2515,	24.681268
2516,	24.682849
2517,	24.684429
2518,	24.686009
2519,	24.687588
2520,	24.689166
2521,	24.690744
2522,	24.692321
2523,	24.693898
2524,	24.695474
2525,	24.697049
2526,	24.698624
2527,	24.700198
2528,	24.701772
2529,	24.703344
2530,	24.704917
2531,	24.706488
2532,	24.708059
2533,	24.709630
2534,	24.711200
2535,	24.712769
2536,	24.714338
2537,	24.715906
2538,	24.717473
2539,	24.719040
2540,	24.720606
2541,	24.722171
2542,	24.723736
2543,	24.725301
2544,	24.726864
2545,	24.728428
2546,	24.729990
2547,	24.731552
2548,	24.733113
2549,	24.734674
2550,	24.736234
2551,	24.737794
2552,	24.739353
2553,	24.740911
2554,	24.742469
2555,	24.744026
2556,	24.745582
2557,	24.747138
2558,	24.748693
2559,	24.750248
2560,	24.751802
2561,	24.753356
2562,	24.754908
2563,	24.756461
2564,	24.758012
2565,	24.759564
2566,	24.761114
2567,	24.762664
2568,	24.764213
2569,	24.765762
2570,	24.767310
2571,	24.768858
2572,	24.770405
2573,	24.771951
2574,	24.773497
2575,	24.775042
2576,	24.776586
2577,	24.778130
2578,	24.779674
2579,	24.781217
2580,	24.782759
2581,	24.784300
2582,	24.785842
2583,	24.787382
2584,	24.788922
2585,	24.790461
2586,	24.792000
2587,	24.793538
2588,	24.795075
2589,	24.796612
2590,	24.798149
2591,	24.799684
2592,	24.801220
2593,	24.802754
2594,	24.804288
2595,	24.805822
2596,	24.807354
2597,	24.808887
2598,	24.810418
2599,	24.811949
2600,	24.813480
2601,	24.815010
2602,	24.816539
2603,	24.818068
2604,	24.819596
2605,	24.821124
2606,	24.822651
2607,	24.824177
2608,	24.825703
2609,	24.827228
2610,	24.828753
2611,	24.830277
2612,	24.831801
2613,	24.833324
2614,	24.834846
2615,	24.836368
2616,	24.837889
2617,	24.839410
2618,	24.840930
2619,	24.842450
2620,	24.843969
2621,	24.845487
2622,	24.847005
2623,	24.848522
2624,	24.850039
2625,	24.851555
2626,	24.853071
2627,	24.854586
2628,	24.856100
2629,	24.857614
2630,	24.859127
2631,	24.860640
2632,	24.862152
2633,	24.863664
2634,	24.865175
2635,	24.866685
2636,	24.868195
2637,	24.869704
2638,	24.871213
2639,	24.872721
2640,	24.874229
2641,	24.875736
2642,	24.877242
2643,	24.878748
2644,	24.880254
2645,	24.881759
2646,	24.883263
2647,	24.884767
2648,	24.886270
2649,	24.887772
2650,	24.889274
2651,	24.890776
2652,	24.892277
2653,	24.893777
2654,	24.895277
2655,	24.896776
2656,	24.898275
2657,	24.899773
2658,	24.901270
2659,	24.902767
2660,	24.904264
2661,	24.905760
2662,	24.907255
2663,	24.908750
2664,	24.910244
2665,	24.911738
2666,	24.913231
2667,	24.914723
2668,	24.916215
2669,	24.917707
2670,	24.919198
2671,	24.920688
2672,	24.922178
2673,	24.923667
2674,	24.925156
2675,	24.926644
2676,	24.928132
2677,	24.929619
2678,	24.931105
2679,	24.932591
2680,	24.934077
2681,	24.935562
2682,	24.937046
2683,	24.938530
2684,	24.940013
2685,	24.941496
2686,	24.942978
2687,	24.944459
2688,	24.945940
2689,	24.947421
2690,	24.948901
2691,	24.950380
2692,	24.951859
2693,	24.953338
2694,	24.954815
2695,	24.956293
2696,	24.957769
2697,	24.959246
2698,	24.960721
2699,	24.962196
2700,	24.963671
2701,	24.965145
2702,	24.966618
2703,	24.968091
2704,	24.969564
2705,	24.971036
2706,	24.972507
2707,	24.973978
2708,	24.975448
2709,	24.976918
2710,	24.978387
2711,	24.979856
2712,	24.981324
2713,	24.982791
2714,	24.984259
2715,	24.985725
2716,	24.987191
2717,	24.988657
2718,	24.990121
2719,	24.991586
2720,	24.993050
2721,	24.994513
2722,	24.995976
2723,	24.997438
2724,	24.998900
2725,	25.000361
2726,	25.001822
2727,	25.003282
2728,	25.004742
2729,	25.006201
2730,	25.007659
2731,	25.009117
2732,	25.010575
2733,	25.012032
2734,	25.013488
2735,	25.014944
2736,	25.016400
2737,	25.017855
2738,	25.019309
2739,	25.020763
2740,	25.022216
2741,	25.023669
2742,	25.025121
2743,	25.026573
2744,	25.028024
2745,	25.029475
2746,	25.030925
2747,	25.032375
2748,	25.033824
2749,	25.035273
2750,	25.036721
2751,	25.038168
2752,	25.039616
2753,	25.041062
2754,	25.042508
2755,	25.043954
2756,	25.045399
2757,	25.046843
2758,	25.048287
2759,	25.049731
2760,	25.051173
2761,	25.052616
2762,	25.054058
2763,	25.055499
2764,	25.056940
2765,	25.058380
2766,	25.059820
2767,	25.061260
2768,	25.062698
2769,	25.064137
2770,	25.065575
2771,	25.067012
2772,	25.068449
2773,	25.069885
2774,	25.071321
2775,	25.072756
2776,	25.074191
2777,	25.075625
2778,	25.077059
2779,	25.078492
2780,	25.079924
2781,	25.081357
2782,	25.082788
2783,	25.084219
2784,	25.085650
2785,	25.087080
2786,	25.088510
2787,	25.089939
2788,	25.091368
2789,	25.092796
2790,	25.094223
2791,	25.095651
2792,	25.097077
2793,	25.098503
2794,	25.099929
2795,	25.101354
2796,	25.102779
2797,	25.104203
2798,	25.105626
2799,	25.107049
2800,	25.108472
2801,	25.109894
2802,	25.111316
2803,	25.112737
2804,	25.114157
2805,	25.115578
2806,	25.116997
2807,	25.118416
2808,	25.119835
2809,	25.121253
2810,	25.122670
2811,	25.124088
2812,	25.125504
2813,	25.126920
2814,	25.128336
2815,	25.129751
2816,	25.131166
2817,	25.132580
2818,	25.133993
2819,	25.135407
2820,	25.136819
2821,	25.138231
2822,	25.139643
2823,	25.141054
2824,	25.142465
2825,	25.143875
2826,	25.145285
2827,	25.146694
2828,	25.148103
2829,	25.149511
2830,	25.150918
2831,	25.152326
2832,	25.153732
2833,	25.155139
2834,	25.156544
2835,	25.157950
2836,	25.159354
2837,	25.160759
2838,	25.162163
2839,	25.163566
2840,	25.164969
2841,	25.166371
2842,	25.167773
2843,	25.169174
2844,	25.170575
2845,	25.171975
2846,	25.173375
2847,	25.174775
2848,	25.176174
2849,	25.177572
2850,	25.178970
2851,	25.180368
2852,	25.181765
2853,	25.183161
2854,	25.184557
2855,	25.185953
2856,	25.187348
2857,	25.188742
2858,	25.190136
2859,	25.191530
2860,	25.192923
2861,	25.194316
2862,	25.195708
2863,	25.197100
2864,	25.198491
2865,	25.199882
2866,	25.201272
2867,	25.202662
2868,	25.204051
2869,	25.205440
2870,	25.206828
2871,	25.208216
2872,	25.209604
2873,	25.210990
2874,	25.212377
2875,	25.213763
2876,	25.215148
2877,	25.216533
2878,	25.217918
2879,	25.219302
2880,	25.220686
2881,	25.222069
2882,	25.223451
2883,	25.224833
2884,	25.226215
2885,	25.227596
2886,	25.228977
2887,	25.230357
2888,	25.231737
2889,	25.233117
2890,	25.234495
2891,	25.235874
2892,	25.237252
2893,	25.238629
2894,	25.240006
2895,	25.241383
2896,	25.242759
2897,	25.244134
2898,	25.245509
2899,	25.246884
2900,	25.248258
2901,	25.249632
2902,	25.251005
2903,	25.252378
2904,	25.253750
2905,	25.255122
2906,	25.256494
2907,	25.257864
2908,	25.259235
2909,	25.260605
2910,	25.261974
2911,	25.263343
2912,	25.264712
2913,	25.266080
2914,	25.267448
2915,	25.268815
2916,	25.270182
2917,	25.271548
2918,	25.272914
2919,	25.274279
2920,	25.275644
2921,	25.277008
2922,	25.278372
2923,	25.279736
2924,	25.281099
2925,	25.282462
2926,	25.283824
2927,	25.285185
2928,	25.286547
2929,	25.287907
2930,	25.289268
2931,	25.290627
2932,	25.291987
2933,	25.293346
2934,	25.294704
2935,	25.296062
2936,	25.297420
2937,	25.298777
2938,	25.300133
2939,	25.301490
2940,	25.302845
2941,	25.304201
2942,	25.305555
2943,	25.306910
2944,	25.308264
2945,	25.309617
2946,	25.310970
2947,	25.312323
2948,	25.313675
2949,	25.315026
2950,	25.316378
2951,	25.317728
2952,	25.319079
2953,	25.320428
2954,	25.321778
2955,	25.323127
2956,	25.324475
2957,	25.325823
2958,	25.327171
2959,	25.328518
2960,	25.329865
2961,	25.331211
2962,	25.332557
2963,	25.333902
2964,	25.335247
2965,	25.336591
2966,	25.337935
2967,	25.339279
2968,	25.340622
2969,	25.341965
2970,	25.343307
2971,	25.344649
2972,	25.345990
2973,	25.347331
2974,	25.348671
2975,	25.350011
2976,	25.351351
2977,	25.352690
2978,	25.354028
2979,	25.355367
2980,	25.356704
2981,	25.358042
2982,	25.359379
2983,	25.360715
2984,	25.362051
2985,	25.363387
2986,	25.364722
2987,	25.366056
2988,	25.367391
2989,	25.368724
2990,	25.370058
2991,	25.371391
2992,	25.372723
2993,	25.374055
2994,	25.375387
2995,	25.376718
2996,	25.378049
2997,	25.379379
2998,	25.380709
2999,	25.382038
3000,	25.383367
3001,	25.384695
3002,	25.386024
3003,	25.387351
3004,	25.388678
3005,	25.390005
3006,	25.391332
3007,	25.392657
3008,	25.393983
3009,	25.395308
3010,	25.396633
3011,	25.397957
3012,	25.399280
3013,	25.400604
3014,	25.401927
3015,	25.403249
3016,	25.404571
3017,	25.405893
3018,	25.407214
3019,	25.408534
3020,	25.409855
3021,	25.411175
3022,	25.412494
3023,	25.413813
3024,	25.415131
3025,	25.416450
3026,	25.417767
3027,	25.419084
3028,	25.420401
3029,	25.421718
3030,	25.423034
3031,	25.424349
3032,	25.425664
3033,	25.426979
3034,	25.428293
3035,	25.429607
3036,	25.430921
3037,	25.432233
3038,	25.433546
3039,	25.434858
3040,	25.436170
3041,	25.437481
3042,	25.438792
3043,	25.440102
3044,	25.441412
3045,	25.442722
3046,	25.444031
3047,	25.445340
3048,	25.446648
3049,	25.447956
3050,	25.449263
3051,	25.450570
3052,	25.451877
3053,	25.453183
3054,	25.454489
3055,	25.455794
3056,	25.457099
3057,	25.458404
3058,	25.459708
3059,	25.461011
3060,	25.462315
3061,	25.463618
3062,	25.464920
3063,	25.466222
3064,	25.467523
3065,	25.468825
3066,	25.470125
3067,	25.471426
3068,	25.472725
3069,	25.474025
3070,	25.475324
3071,	25.476623
3072,	25.477921
3073,	25.479219
3074,	25.480516
3075,	25.481813
3076,	25.483109
3077,	25.484406
3078,	25.485701
3079,	25.486997
3080,	25.488291
3081,	25.489586
3082,	25.490880
3083,	25.492174
3084,	25.493467
3085,	25.494760
3086,	25.496052
3087,	25.497344
3088,	25.498636
3089,	25.499927
3090,	25.501217
3091,	25.502508
3092,	25.503798
3093,	25.505087
3094,	25.506376
3095,	25.507665
3096,	25.508953
3097,	25.510241
3098,	25.511529
3099,	25.512816
3100,	25.514102
3101,	25.515388
3102,	25.516674
3103,	25.517960
3104,	25.519245
3105,	25.520529
3106,	25.521813
3107,	25.523097
3108,	25.524381
3109,	25.525664
3110,	25.526946
3111,	25.528228
3112,	25.529510
3113,	25.530791
3114,	25.532072
3115,	25.533353
3116,	25.534633
3117,	25.535913
3118,	25.537192
3119,	25.538471
3120,	25.539749
3121,	25.541027
3122,	25.542305
3123,	25.543582
3124,	25.544859
3125,	25.546136
3126,	25.547412
3127,	25.548687
3128,	25.549963
3129,	25.551237
3130,	25.552512
3131,	25.553786
3132,	25.555060
3133,	25.556333
3134,	25.557606
3135,	25.558878
3136,	25.560150
3137,	25.561422
3138,	25.562693
3139,	25.563964
3140,	25.565234
3141,	25.566504
3142,	25.567774
3143,	25.569043
3144,	25.570312
3145,	25.571581
3146,	25.572849
3147,	25.574116
3148,	25.575384
3149,	25.576650
3150,	25.577917
3151,	25.579183
3152,	25.580449
3153,	25.581714
3154,	25.582979
3155,	25.584243
3156,	25.585507
3157,	25.586771
3158,	25.588034
3159,	25.589297
3160,	25.590560
3161,	25.591822
3162,	25.593084
3163,	25.594345
3164,	25.595606
3165,	25.596866
3166,	25.598127
3167,	25.599386
3168,	25.600646
3169,	25.601905
3170,	25.603163
3171,	25.604421
3172,	25.605679
3173,	25.606937
3174,	25.608194
3175,	25.609450
3176,	25.610707
3177,	25.611962
3178,	25.613218
3179,	25.614473
3180,	25.615728
3181,	25.616982
3182,	25.618236
3183,	25.619489
3184,	25.620742
3185,	25.621995
3186,	25.623247
3187,	25.624499
3188,	25.625751
3189,	25.627002
3190,	25.628253
3191,	25.629503
3192,	25.630753
3193,	25.632003
3194,	25.633252
3195,	25.634501
3196,	25.635750
3197,	25.636998
3198,	25.638245
3199,	25.639493
3200,	25.640740
3201,	25.641986
3202,	25.643232
3203,	25.644478
3204,	25.645723
3205,	25.646968
3206,	25.648213
3207,	25.649457
3208,	25.650701
3209,	25.651945
3210,	25.653188
3211,	25.654430
3212,	25.655673
3213,	25.656915
3214,	25.658156
3215,	25.659397
3216,	25.660638
3217,	25.661879
3218,	25.663119
3219,	25.664358
3220,	25.665598
3221,	25.666837
3222,	25.668075
3223,	25.669313
3224,	25.670551
3225,	25.671788
3226,	25.673025
3227,	25.674262
3228,	25.675498
3229,	25.676734
3230,	25.677970
3231,	25.679205
3232,	25.680440
3233,	25.681674
3234,	25.682908
3235,	25.684141
3236,	25.685375
3237,	25.686608
3238,	25.687840
3239,	25.689072
3240,	25.690304
3241,	25.691535
3242,	25.692766
3243,	25.693997
3244,	25.695227
3245,	25.696457
3246,	25.697686
3247,	25.698916
3248,	25.700144
3249,	25.701373
3250,	25.702601
3251,	25.703828
3252,	25.705055
3253,	25.706282
3254,	25.707509
3255,	25.708735
3256,	25.709961
3257,	25.711186
3258,	25.712411
3259,	25.713636
3260,	25.714860
3261,	25.716084
3262,	25.717307
3263,	25.718531
3264,	25.719753
3265,	25.720976
3266,	25.722198
3267,	25.723420
3268,	25.724641
3269,	25.725862
3270,	25.727082
3271,	25.728303
3272,	25.729522
3273,	25.730742
3274,	25.731961
3275,	25.733180
3276,	25.734398
3277,	25.735616
3278,	25.736834
3279,	25.738051
3280,	25.739268
3281,	25.740484
3282,	25.741701
3283,	25.742916
3284,	25.744132
3285,	25.745347
3286,	25.746562
3287,	25.747776
3288,	25.748990
3289,	25.750203
3290,	25.751417
3291,	25.752630
3292,	25.753842
3293,	25.755054
3294,	25.756266
3295,	25.757477
3296,	25.758689
3297,	25.759899
3298,	25.761110
3299,	25.762320
3300,	25.763529
3301,	25.764738
3302,	25.765947
3303,	25.767156
3304,	25.768364
3305,	25.769572
3306,	25.770779
3307,	25.771986
3308,	25.773193
3309,	25.774399
3310,	25.775605
3311,	25.776811
3312,	25.778016
3313,	25.779221
3314,	25.780426
3315,	25.781630
3316,	25.782834
3317,	25.784037
3318,	25.785241
3319,	25.786443
3320,	25.787646
3321,	25.788848
3322,	25.790050
3323,	25.791251
3324,	25.792452
3325,	25.793652
3326,	25.794853
3327,	25.796053
3328,	25.797252
3329,	25.798451
3330,	25.799650
3331,	25.800849
3332,	25.802047
3333,	25.803245
3334,	25.804442
3335,	25.805639
3336,	25.806836
3337,	25.808032
3338,	25.809228
3339,	25.810424
3340,	25.811619
3341,	25.812814
3342,	25.814009
3343,	25.815203
3344,	25.816397
3345,	25.817591
3346,	25.818784
3347,	25.819977
3348,	25.821169
3349,	25.822361
3350,	25.823553
3351,	25.824744
3352,	25.825936
3353,	25.827126
3354,	25.828317
3355,	25.829507
3356,	25.830696
3357,	25.831886
3358,	25.833075
3359,	25.834263
3360,	25.835452
3361,	25.836640
3362,	25.837827
3363,	25.839014
3364,	25.840201
3365,	25.841388
3366,	25.842574
3367,	25.843760
3368,	25.844945
3369,	25.846130
3370,	25.847315
3371,	25.848500
3372,	25.849684
3373,	25.850868
3374,	25.852051
3375,	25.853234
3376,	25.854417
3377,	25.855599
3378,	25.856781
3379,	25.857963
3380,	25.859144
3381,	25.860325
3382,	25.861506
3383,	25.862686
3384,	25.863866
3385,	25.865046
3386,	25.866225
3387,	25.867404
3388,	25.868583
3389,	25.869761
3390,	25.870939
3391,	25.872116
3392,	25.873293
3393,	25.874470
3394,	25.875647
3395,	25.876823
3396,	25.877999
3397,	25.879174
3398,	25.880350
3399,	25.881524
3400,	25.882699
3401,	25.883873
3402,	25.885047
3403,	25.886220
3404,	25.887393
3405,	25.888566
3406,	25.889739
3407,	25.890911
3408,	25.892082
3409,	25.893254
3410,	25.894425
3411,	25.895596
3412,	25.896766
3413,	25.897936
3414,	25.899106
3415,	25.900275
3416,	25.901444
3417,	25.902613
3418,	25.903781
3419,	25.904949
3420,	25.906117
3421,	25.907284
3422,	25.908451
3423,	25.909618
3424,	25.910784
3425,	25.911950
3426,	25.913116
3427,	25.914281
3428,	25.915446
3429,	25.916611
3430,	25.917775
3431,	25.918939
3432,	25.920103
3433,	25.921266
3434,	25.922429
3435,	25.923592
3436,	25.924754
3437,	25.925916
3438,	25.927078
3439,	25.928239
3440,	25.929400
3441,	25.930561
3442,	25.931721
3443,	25.932881
3444,	25.934041
3445,	25.935200
3446,	25.936359
3447,	25.937518
3448,	25.938676
3449,	25.939834
3450,	25.940992
3451,	25.942149
3452,	25.943306
3453,	25.944463
3454,	25.945619
3455,	25.946775
3456,	25.947931
3457,	25.949086
3458,	25.950241
3459,	25.951396
3460,	25.952551
3461,	25.953705
3462,	25.954858
3463,	25.956012
3464,	25.957165
3465,	25.958317
3466,	25.959470
3467,	25.960622
3468,	25.961774
3469,	25.962925
3470,	25.964076
3471,	25.965227
3472,	25.966377
3473,	25.967527
3474,	25.968677
3475,	25.969827
3476,	25.970976
3477,	25.972124
3478,	25.973273
3479,	25.974421
3480,	25.975569
3481,	25.976716
3482,	25.977863
3483,	25.979010
3484,	25.980157
3485,	25.981303
3486,	25.982449
3487,	25.983594
3488,	25.984740
3489,	25.985884
3490,	25.987029
3491,	25.988173
3492,	25.989317
3493,	25.990461
3494,	25.991604
3495,	25.992747
3496,	25.993890
3497,	25.995032
3498,	25.996174
3499,	25.997316
3500,	25.998457
3501,	25.999598
3502,	26.000739
3503,	26.001879
3504,	26.003019
3505,	26.004159
3506,	26.005298
3507,	26.006437
3508,	26.007576
3509,	26.008714
3510,	26.009853
3511,	26.010990
3512,	26.012128
3513,	26.013265
3514,	26.014402
3515,	26.015538
3516,	26.016675
3517,	26.017810
3518,	26.018946
3519,	26.020081
3520,	26.021216
3521,	26.022351
3522,	26.023485
3523,	26.024619
3524,	26.025753
3525,	26.026886
3526,	26.028019
3527,	26.029152
3528,	26.030284
3529,	26.031416
3530,	26.032548
3531,	26.033679
3532,	26.034811
3533,	26.035941
3534,	26.037072
3535,	26.038202
3536,	26.039332
3537,	26.040461
3538,	26.041591
3539,	26.042720
3540,	26.043848
3541,	26.044976
3542,	26.046104
3543,	26.047232
3544,	26.048359
3545,	26.049486
3546,	26.050613
3547,	26.051739
3548,	26.052866
3549,	26.053991
3550,	26.055117
3551,	26.056242
3552,	26.057367
3553,	26.058491
3554,	26.059615
3555,	26.060739
3556,	26.061863
3557,	26.062986
3558,	26.064109
3559,	26.065232
3560,	26.066354
3561,	26.067476
3562,	26.068598
3563,	26.069719
3564,	26.070840
3565,	26.071961
3566,	26.073082
3567,	26.074202
3568,	26.075322
3569,	26.076441
3570,	26.077560
3571,	26.078679
3572,	26.079798
3573,	26.080916
3574,	26.082034
3575,	26.083152
3576,	26.084269
3577,	26.085386
3578,	26.086503
3579,	26.087619
3580,	26.088736
3581,	26.089851
3582,	26.090967
3583,	26.092082
3584,	26.093197
3585,	26.094312
3586,	26.095426
3587,	26.096540
3588,	26.097654
3589,	26.098767
3590,	26.099880
3591,	26.100993
3592,	26.102105
3593,	26.103217
3594,	26.104329
3595,	26.105441
3596,	26.106552
3597,	26.107663
3598,	26.108774
3599,	26.109884
3600,	26.110994
3601,	26.112104
3602,	26.113213
3603,	26.114322
3604,	26.115431
3605,	26.116539
3606,	26.117648
3607,	26.118756
3608,	26.119863
3609,	26.120970
3610,	26.122077
3611,	26.123184
3612,	26.124290
3613,	26.125397
3614,	26.126502
3615,	26.127608
3616,	26.128713
3617,	26.129818
3618,	26.130922
3619,	26.132027
3620,	26.133131
3621,	26.134234
3622,	26.135338
3623,	26.136441
3624,	26.137543
3625,	26.138646
3626,	26.139748
3627,	26.140850
3628,	26.141951
3629,	26.143053
3630,	26.144154
3631,	26.145254
3632,	26.146355
3633,	26.147455
3634,	26.148554
3635,	26.149654
3636,	26.150753
3637,	26.151852
3638,	26.152950
3639,	26.154049
3640,	26.155147
3641,	26.156244
3642,	26.157342
3643,	26.158439
3644,	26.159536
3645,	26.160632
3646,	26.161728
3647,	26.162824
3648,	26.163920
3649,	26.165015
3650,	26.166110
3651,	26.167205
3652,	26.168299
3653,	26.169393
3654,	26.170487
3655,	26.171580
3656,	26.172674
3657,	26.173767
3658,	26.174859
3659,	26.175952
3660,	26.177044
3661,	26.178135
3662,	26.179227
3663,	26.180318
3664,	26.181409
3665,	26.182499
3666,	26.183590
3667,	26.184680
3668,	26.185769
3669,	26.186859
3670,	26.187948
3671,	26.189037
3672,	26.190125
3673,	26.191213
3674,	26.192301
3675,	26.193389
3676,	26.194476
3677,	26.195563
3678,	26.196650
3679,	26.197737
3680,	26.198823
3681,	26.199909
3682,	26.200994
3683,	26.202080
3684,	26.203165
3685,	26.204249
3686,	26.205334
3687,	26.206418
3688,	26.207502
3689,	26.208585
3690,	26.209668
3691,	26.210751
3692,	26.211834
3693,	26.212917
3694,	26.213999
3695,	26.215080
3696,	26.216162
3697,	26.217243
3698,	26.218324
3699,	26.219405
3700,	26.220485
3701,	26.221565
3702,	26.222645
3703,	26.223725
3704,	26.224804
3705,	26.225883
3706,	26.226961
3707,	26.228040
3708,	26.229118
3709,	26.230196
3710,	26.231273
3711,	26.232350
3712,	26.233427
3713,	26.234504
3714,	26.235580
3715,	26.236656
3716,	26.237732
3717,	26.238808
3718,	26.239883
3719,	26.240958
3720,	26.242032
3721,	26.243107
3722,	26.244181
3723,	26.245255
3724,	26.246328
3725,	26.247401
3726,	26.248474
3727,	26.249547
3728,	26.250619
3729,	26.251691
3730,	26.252763
3731,	26.253835
3732,	26.254906
3733,	26.255977
3734,	26.257047
3735,	26.258118
3736,	26.259188
3737,	26.260258
3738,	26.261327
3739,	26.262397
3740,	26.263465
3741,	26.264534
3742,	26.265603
3743,	26.266671
3744,	26.267738
3745,	26.268806
3746,	26.269873
3747,	26.270940
3748,	26.272007
3749,	26.273073
3750,	26.274140
3751,	26.275205
3752,	26.276271
3753,	26.277336
3754,	26.278401
3755,	26.279466
3756,	26.280531
3757,	26.281595
3758,	26.282659
3759,	26.283722
3760,	26.284786
3761,	26.285849
3762,	26.286911
3763,	26.287974
3764,	26.289036
3765,	26.290098
3766,	26.291160
3767,	26.292221
3768,	26.293282
3769,	26.294343
3770,	26.295404
3771,	26.296464
3772,	26.297524
3773,	26.298584
3774,	26.299643
3775,	26.300702
3776,	26.301761
3777,	26.302820
3778,	26.303878
3779,	26.304936
3780,	26.305994
3781,	26.307052
3782,	26.308109
3783,	26.309166
3784,	26.310222
3785,	26.311279
3786,	26.312335
3787,	26.313391
3788,	26.314446
3789,	26.315502
3790,	26.316557
3791,	26.317611
3792,	26.318666
3793,	26.319720
3794,	26.320774
3795,	26.321828
3796,	26.322881
3797,	26.323934
3798,	26.324987
3799,	26.326040
3800,	26.327092
3801,	26.328144
3802,	26.329196
3803,	26.330247
3804,	26.331298
3805,	26.332349
3806,	26.333400
3807,	26.334450
3808,	26.335500
3809,	26.336550
3810,	26.337600
3811,	26.338649
3812,	26.339698
3813,	26.340747
3814,	26.341795
3815,	26.342843
3816,	26.343891
3817,	26.344939
3818,	26.345986
3819,	26.347034
3820,	26.348080
3821,	26.349127
3822,	26.350173
3823,	26.351219
3824,	26.352265
3825,	26.353311
3826,	26.354356
3827,	26.355401
3828,	26.356445
3829,	26.357490
3830,	26.358534
3831,	26.359578
3832,	26.360621
3833,	26.361665
3834,	26.362708
3835,	26.363751
3836,	26.364793
3837,	26.365835
3838,	26.366877
3839,	26.367919
3840,	26.368961
3841,	26.370002
3842,	26.371043
3843,	26.372083
3844,	26.373124
3845,	26.374164
3846,	26.375204
3847,	26.376243
3848,	26.377283
3849,	26.378322
3850,	26.379360
3851,	26.380399
3852,	26.381437
3853,	26.382475
3854,	26.383513
3855,	26.384550
3856,	26.385588
3857,	26.386624
3858,	26.387661
3859,	26.388697
3860,	26.389734
3861,	26.390769
3862,	26.391805
3863,	26.392840
3864,	26.393875
3865,	26.394910
3866,	26.395945
3867,	26.396979
3868,	26.398013
3869,	26.399047
3870,	26.400080
3871,	26.401113
3872,	26.402146
3873,	26.403179
3874,	26.404212
3875,	26.405244
3876,	26.406276
3877,	26.407307
3878,	26.408339
3879,	26.409370
3880,	26.410401
3881,	26.411431
3882,	26.412461
3883,	26.413492
3884,	26.414521
3885,	26.415551
3886,	26.416580
3887,	26.417609
3888,	26.418638
3889,	26.419666
3890,	26.420695
3891,	26.421723
3892,	26.422750
3893,	26.423778
3894,	26.424805
3895,	26.425832
3896,	26.426859
3897,	26.427885
3898,	26.428911
3899,	26.429937
3900,	26.430963
3901,	26.431988
3902,	26.433013
3903,	26.434038
3904,	26.435063
3905,	26.436087
3906,	26.437111
3907,	26.438135
3908,	26.439158
3909,	26.440182
3910,	26.441205
3911,	26.442227
3912,	26.443250
3913,	26.444272
3914,	26.445294
3915,	26.446316
3916,	26.447337
3917,	26.448359
3918,	26.449380
3919,	26.450400
3920,	26.451421
3921,	26.452441
3922,	26.453461
3923,	26.454481
3924,	26.455500
3925,	26.456519
3926,	26.457538
3927,	26.458557
3928,	26.459575
3929,	26.460593
3930,	26.461611
3931,	26.462629
3932,	26.463646
3933,	26.464663
3934,	26.465680
3935,	26.466697
3936,	26.467713
3937,	26.468729
3938,	26.469745
3939,	26.470761
3940,	26.471776
3941,	26.472791
3942,	26.473806
3943,	26.474820
3944,	26.475835
3945,	26.476849
3946,	26.477863
3947,	26.478876
3948,	26.479890
3949,	26.480903
3950,	26.481915
3951,	26.482928
3952,	26.483940
3953,	26.484952
3954,	26.485964
3955,	26.486976
3956,	26.487987
3957,	26.488998
3958,	26.490009
3959,	26.491019
3960,	26.492029
3961,	26.493039
3962,	26.494049
3963,	26.495059
3964,	26.496068
3965,	26.497077
3966,	26.498086
3967,	26.499094
3968,	26.500103
3969,	26.501111
3970,	26.502118
3971,	26.503126
3972,	26.504133
3973,	26.505140
3974,	26.506147
3975,	26.507153
3976,	26.508160
3977,	26.509166
3978,	26.510171
3979,	26.511177
3980,	26.512182
3981,	26.513187
3982,	26.514192
3983,	26.515196
3984,	26.516201
3985,	26.517205
3986,	26.518208
3987,	26.519212
3988,	26.520215
3989,	26.521218
3990,	26.522221
3991,	26.523223
3992,	26.524226
3993,	26.525228
3994,	26.526229
3995,	26.527231
3996,	26.528232
3997,	26.529233
3998,	26.530234
3999,	26.531235
4000,	26.532235
